eps,clusters,ruido,silhouette
1.2093746208170169,2,172,0.8634006050039935
